id,churn
2258,0.5398249699566374
3864,0.5365151217514533
1391,0.999999965068254
486,0.9999999979397114
970,0.0012097526960485766
4105,1.9736979654551125e-17
2433,0.998968680684938
3423,0.9989403817251471
3504,0.999999996473238
3640,0.8194628590756492
4976,0.9999999376949126
3755,0.9999998405892422
2229,3.1668953511215163e-12
1774,0.9999915308790706
4479,0.9999999957436314
281,0.9999985334939664
739,0.8149391400360045
1136,0.999985497301906
1828,0.9999999999868052
1900,0.9999927355891949
1360,0.9999892658309764
1977,0.9999998837306474
3061,1.299633089927516e-18
345,0.9999999955931504
4191,6.640864655474233e-10
1800,0.9999995782988584
5179,7.056101510249245e-05
5063,1.2175919330049044e-05
2184,0.9999999791004304
3386,1.1506443940578478e-16
3980,0.9999998721835704
2694,0.9999858376588909
3383,0.9401923467175837
4160,0.9999999727206347
3215,0.9999182324729788
584,0.9999999769442397
2926,0.999999999999482
4886,0.9999999877615874
4431,0.9999553215560399
1639,0.9999997357004548
2892,0.9999300406903023
2514,3.271780559533481e-05
1250,0.9957897486099672
2477,0.007420121821991129
1926,0.9999996906865265
1608,0.9999884785850541
688,0.9999999913980239
3258,4.798489925698827e-24
630,0.056287198173577045
5095,0.07322470550785432
3491,0.9487746277718868
954,0.9996964298006433
1168,1.5981171433894945e-14
771,0.9966483698918815
2779,0.9999999003237859
1060,0.9999997933671819
928,0.9999877531081767
4587,0.0053463807402406565
298,0.9999999986021044
829,0.0007811696265699046
1709,0.9999999997328635
4986,0.004764532706413261
3982,0.999829115745182
2885,0.9477428861699977
1912,0.014819048159789829
4312,3.696872351005449e-21
2309,0.011313787555033452
1942,0.06535176760452269
2369,0.8678329573686557
4172,0.5690749270409161
4087,1.0
1674,0.9999999981367875
3836,0.9999999977835872
958,0.36980606086455003
1468,0.22684713639987886
1686,2.351148680812012e-06
911,0.4283951197362101
2528,0.9999985645800075
2629,0.9909666416121439
4084,0.9999921802498654
46,0.9999989196385602
1096,0.9998937840917153
3108,2.6850254542635823e-16
151,0.9998951360782944
1629,0.9605102376333897
1187,0.9999266348279133
24,0.9984341199244284
2431,0.9999999334772158
1160,0.999308790906268
607,0.9165125703459637
1666,0.9999983931340192
4783,0.9538736946956882
2085,0.9789668829329199
1573,1.9611896256590737e-09
4887,0.3263392997772546
1166,6.825101048540165e-11
3671,4.279376673654569e-18
3942,0.1071949222489997
4557,4.400313426342091e-09
2648,0.9634929784243349
1228,2.2406201121733473e-10
436,0.9999788735085011
2160,7.351694951717038e-05
1903,0.9999991726153399
1234,0.9999999999930467
227,0.9999999957886696
4189,0.9999343339988805
1100,0.9999999306768351
2054,0.9999767545369315
4685,0.9999999993377555
2703,0.8027826477455379
433,0.9999999998116296
424,1.0984580756475653e-10
2285,0.9999982234581011
4128,0.00011503897407466646
3463,0.031094384241242536
2971,0.9824391638169577
289,0.999996483848615
5210,7.492800199580576e-14
381,0.999999980217289
2720,0.040428108718682916
3726,0.9999999820825481
1544,0.9986981285441773
542,0.999992817225463
2660,0.014451125226493253
5066,0.9999990672601822
2136,0.9999997553274741
1877,0.9863603287259181
1672,5.354419078549087e-06
4718,0.9619079992626841
1630,0.03696950183490539
1186,0.9999999158026607
776,0.9999999902130269
3496,0.0060912920164704915
3242,0.9999980100654403
1590,0.9999836107476412
104,0.17285253768803704
330,0.014244140725011765
1037,0.9999999426073805
5136,0.9999999999444802
3879,0.002694631499001174
3335,4.907263158436836e-05
4415,0.9999521278144912
4050,0.0643025761594772
65,6.269907701026414e-05
4554,0.9999991086639533
3031,0.9790303915368344
1016,0.9999959552273208
5220,0.9999992336307773
3631,4.7701768354540626e-05
4206,4.41749763075843e-27
1841,0.9999550762616567
2935,0.9497376131056463
3630,0.9999999993184128
701,2.324591857935262e-07
1683,0.6853878989165814
3011,0.9999999817919089
2506,0.9999982635779123
1469,0.9998504474962274
4170,0.9999999960209434
5233,0.9999999995762707
2046,0.00030654185247471985
54,0.9999999923902431
2794,0.9997573006370064
3474,0.9999968825934811
1012,0.9999927846045
1963,0.25654113213741664
2422,0.9979088705252561
3823,0.9894426280859885
1717,0.15583833752138335
3090,0.9999999998438636
60,0.9999979930205066
5240,0.999999999675206
3820,0.999937139691357
3697,1.6140666020084703e-11
5047,2.527675406222501e-24
4062,0.671905871067346
4281,0.9999999998523643
2896,0.00398746508345867
265,1.0717686435654078e-24
619,2.8919187190722344e-17
4267,0.9376282452855635
1551,0.9999884537839971
3826,0.9999999995387385
3055,0.9620918900837298
1409,3.1361176034051057e-06
3085,0.9999987244848652
1754,0.5283083065331496
8,0.9994607172975242
3627,0.999999886376103
2907,0.9999999969513631
2521,0.9999999767152318
2670,0.9999999902165023
4270,0.9999999357385893
1988,0.12083356336650812
163,0.9953346888731673
895,0.0012867700062077511
2396,0.4833702416520862
683,0.9999999889238925
1744,0.9999993400889988
1129,4.045874023170967e-15
53,0.9999212334865748
5264,0.9999996520784389
1112,0.9986794707900886
1932,0.9999999990232344
2793,9.508331382009363e-05
1013,0.9999999977643728
3107,0.9999999916650767
4012,0.9999998430714059
3986,0.0025040702982455022
3065,0.9930930098044747
1517,0.9440814802943311
4122,5.721127826538195e-21
295,0.9999999916230918
2837,0.08179864413464877
185,4.3767157818763915e-08
405,0.0007303249936604737
427,0.9999999954119951
4407,0.9999999985448405
1459,0.9999999994953646
2646,0.04190308433218843
816,0.9999999505439128
4175,0.9999999999973106
1500,0.9862501004629016
4301,0.00637645798670775
949,0.9999999932419901
425,0.03174483398244686
3544,0.9999999999999996
2068,0.9999963972527472
3812,0.9997563925927037
2450,0.9995683334511258
4632,0.9997926853203318
2993,0.7317611446832089
471,0.9999912360238502
3756,0.9652670999454289
4217,0.9997135342686481
524,0.9999799051372957
5165,0.9999991313400202
1692,0.9966308252082589
4932,0.9980657054881792
3396,0.9999884872155402
5180,0.9999999999999265
1268,0.9999999999914488
4057,1.9097708601251412e-16
1263,0.9999999999951066
3040,0.9999999816801809
2273,0.9999890399980497
4063,0.060409704254575654
617,0.0031777539932855954
2483,0.9992302890124353
4454,0.99999993249206
925,9.37660032349662e-13
2312,0.03288267645465514
1557,0.9999988146246663
4623,0.8272470144151092
2773,0.9969173460198602
143,0.9999999999858538
858,0.9999999565467822
4354,0.9999999825127982
1708,0.9999996169600402
1161,0.8477679694119867
4450,0.9930649162906044
531,2.130630329221188e-11
2190,3.914633906586621e-23
2539,7.784201755109662e-18
5126,0.9995799693361157
4732,0.9999997154848806
2150,3.345033133647561e-06
268,0.9999996734678747
4936,0.9996535393761282
2634,0.9999999999999933
572,0.0001250757653117836
545,0.9999999670874138
2499,0.00353938309409833
3183,0.820494282676881
4952,8.691719874657376e-12
2099,0.05066455275037149
3015,0.00012973044595472879
2314,0.05956306941598891
735,5.865441833206077e-28
2198,0.9983041741867242
2718,0.9999993394633362
1577,0.9995656503602791
127,2.2030409300061404e-13
4265,0.9999999913807028
2346,0.9999987033123573
3875,0.1834502155040877
4344,7.813304514081769e-27
1040,0.9999990672601822
3101,0.9994325207833866
568,0.001032737084896391
12,0.9986349037954584
3187,0.7715862256761611
5167,0.9999937383754445
44,0.9999999986263588
838,0.03095678116605195
1056,0.9999997394257707
334,0.6862677648537575
2578,0.9999119619033785
2770,0.9999999552313605
3792,0.041711339239594455
2291,0.9998875077244734
3429,0.9999998139371649
4299,0.9621356259203396
625,0.999999117057407
1019,0.9999999999806055
654,0.9999999984473713
3869,0.9999999407622873
842,0.7649153821842014
4411,0.9998326583114269
2398,0.9999951133230441
4518,0.9999999989429031
1823,0.9999999998053222
3824,0.9993412746526267
1996,0.9554550011633581
1027,0.9999287301321976
1461,0.9982903050944607
2678,0.9999998796530767
3348,0.9999987617547825
1077,0.995139896927815
5272,0.19239877084203863
627,0.9999998217013173
2672,0.32085989291937
4064,0.999999998366941
4661,4.816826794644961e-05
2790,0.9999999936305806
552,0.8427245281612964
3514,0.8239678599055816
270,3.5433492411573336e-06
597,0.8537939825352872
4107,5.061831195853926e-11
2448,0.9996603403929204
2020,0.9999999585137911
5079,0.9999897990214541
3837,0.9999999985249004
4847,0.9999996480080937
1595,0.9999907670569652
3943,0.9999999995942022
1343,0.0001872589745386535
2752,0.9999978035544468
17,0.9999999999383822
601,0.9797164934546218
4791,0.9676648615252182
2037,0.9999999972382831
3591,0.9999997679053189
1245,0.9980583200885464
4524,0.8199346698214468
3663,0.049230977919910886
3082,0.999999992779705
2510,0.9996732637011827
4823,0.9999999621732395
1512,0.0008370993338240775
177,4.024812878744243e-13
1688,0.9996311893773934
4114,1.3085973072547417e-06
489,0.99999998696562
782,0.9999999971551843
2185,0.9999953882982344
959,0.3208920058266227
4941,0.999990597805824
2227,0.9385159253501246
2411,0.9999999997279261
3681,2.9095153656735086e-21
3044,0.9999201240379446
4331,0.9999993660075157
2358,0.00017647989797522383
3642,0.0045489775366657405
3567,0.9999999999690723
5022,0.9995303739921774
67,0.9998846612476091
1348,0.60599721620544
406,0.9999999956348464
1765,4.856814597009365e-07
2747,0.0013610653945374672
3207,6.149717516327053e-09
5114,0.9999997610603075
3110,0.9999996013854965
2941,0.30524767701054967
1705,0.9999941214855733
4155,0.9999963454694442
543,0.05604349829465944
2186,0.9983044496525945
1321,0.9999998936468644
3569,0.9999984846864007
638,0.9999852220726344
4950,0.988057118843986
915,0.9999943065958977
1910,0.9999999553910448
4275,0.05937769574456081
1210,0.9999949095969549
801,0.9999999988359165
3899,0.9999999540063186
2414,0.9999991586616124
1514,3.565491314566074e-24
4490,0.9999999966978794
4188,0.99762149400598
4273,0.9976684672348448
3324,0.9999942544974015
791,0.021664174031181333
1791,0.03154935819031105
966,0.9999997860177356
4177,0.9999989883744742
1390,0.9999971242924087
2240,6.32858455717207e-13
3711,0.9967090077612574
3553,0.9999999999999998
4618,0.9999999526311025
1564,3.557841272169588e-23
2492,4.808950638472906e-27
1756,0.9999999999814622
1950,0.9999931337005755
2015,2.749724908203933e-16
4867,0.9999999997491451
3953,0.9999999999766693
698,0.00017732902710054373
5048,0.9999999999902676
5184,0.9999638101296873
5243,2.6294908558188257e-16
2821,0.9999999997843887
2,0.9999999976273883
1805,0.9999999997726889
5248,2.0143544729330165e-17
325,0.998677852539835
2650,0.06054810861012045
3960,2.6151039243384256e-05
1335,1.0814159502510565e-05
3909,0.14195038711222574
236,0.00028499196000454603
5037,0.9999966645788971
1535,0.9999999898559354
108,0.9999927977532919
1189,0.9999999998866869
2259,7.574062565838247e-26
2956,0.00048153107812722495
1572,0.9999985702490013
4358,9.942648535576839e-10
2300,0.9999934408062593
3204,0.9999999912129341
3644,0.9993891042664432
4483,0.001810182543176886
4805,0.9932824852578317
19,0.9783713912787334
3759,0.9999999998657534
4720,0.9577571244848521
900,0.9999946995299134
3523,0.980466888392308
1073,0.9999735300423148
3180,2.704808709456485e-06
1044,0.9836824874226516
633,0.9999999915470622
370,0.999999999972339
3896,0.0015145251601050823
4749,2.1047068582703834e-08
512,1.8946931103022342e-05
4918,0.9911464099386169
2059,0.9999999949584049
3850,0.12055690749792655
5281,0.9547094160381123
1146,0.05453720554870052
3302,1.3726459717544798e-12
2614,0.9999989534428196
4157,0.9999999999994005
58,4.940357813835326e-13
5245,1.350303886835574e-21
855,0.9999999723497276
4118,0.9996861481227566
3492,0.9999999999986331
397,0.9996519579396188
653,0.9567331933552362
1570,0.9999999999999598
1429,0.9999999999999998
718,1.5193157945834496e-10
1783,0.9999847624489884
642,4.8960974399418016e-27
1820,0.999999998674334
682,0.9999999998734821
1601,1.3436595260213772e-25
4065,0.9999999730015284
2187,0.9999999999999996
1387,0.9999366297303535
3205,0.022728986167525375
734,1.7050973985191833e-12
4654,0.9999999998908631
1603,7.976331437206674e-23
4515,0.7624170092168326
1341,0.9999982294281008
522,0.9999999999999973
1613,0.18933242196349137
266,4.875673588720609e-20
5009,0.9999999994960933
3210,4.642923121161776e-25
1339,0.9999999821720421
4529,0.031094384241242536
2744,0.9999999999534299
3677,0.9997012741680732
1276,0.9999999920587
2948,0.8462138216915399
4898,0.0180973030242511
380,0.9999986616106118
4043,0.9912108242255059
909,0.9999999999991287
2159,0.9999999960046702
3193,5.130894451470964e-06
1620,0.999959983481823
4752,5.799418547118357e-11
1193,7.253988434109107e-11
297,0.9999999843327823
679,0.999999999968763
2769,0.7727430527347424
3282,0.9999804638086729
606,7.655443271418749e-07
133,0.7864161921243428
2722,0.9999999999328595
1444,0.551150341287097
2050,0.999999999713133
1323,0.00044018398078713187
2716,0.3700660092507118
2979,0.9999999999985896
1269,0.9999998600815498
4025,0.9976075175845831
834,0.02552821301402787
1916,0.9981963759284598
713,0.8547497695785066
198,0.004655205755809684
547,0.9998629974946612
4922,0.00023855586319367756
1326,0.02431651553531979
1092,0.9998350874199388
4205,0.9976553872178334
418,2.1726666506056712e-06
234,1.891708849811369e-24
2153,0.8950417354016055
1735,8.274373012866266e-12
3610,1.0
3839,0.9999965055480967
1229,0.9999730921207062
4156,1.6395232088970317e-24
1231,0.9999975425808343
3244,4.5757727730075326e-11
232,5.796176955189321e-18
1704,1.1035016904466722e-17
3632,0.9997321351916606
4723,1.0
204,0.9999709271865712
787,0.5637057190387121
636,9.39235707742225e-13
3515,0.0005659363292393395
3966,5.121907556682472e-05
692,1.924365721175271e-09
41,0.9999999976787681
5007,5.377272030758078e-24
2110,0.9999818612707123
347,0.9999839062370187
4377,0.9999999796127046
1220,0.9784180878044323
1906,0.9999997601613309
3290,0.9999978384991739
437,0.8998731078338434
3218,0.0017140191603204835
1594,0.007800492612286157
360,0.9999942827274679
3843,0.9997547338236459
3388,3.1059403641772686e-14
879,0.03151704651555681
3984,0.9994322962520527
3167,0.9999999999721447
29,0.9999999844176701
5092,6.793782317675587e-16
26,0.9998814075114775
1826,0.10467602562079464
460,4.673320520896313e-22
3228,0.9999973403896704
3357,0.9999999997904556
4614,0.9999605027120515
3170,0.9994843751053814
3718,0.991548873368048
3661,0.9999990257606602
5191,5.137065395281241e-17
4444,0.9999999964697874
686,0.9999900585609751
4171,0.9999999999999878
3852,0.9999999994540345
1875,0.9998617736512216
727,0.0006654968564074605
3971,0.0002742496146854004
2121,0.9999999863050757
3022,0.9966437900602151
499,0.9529316964219824
3168,1.2386737747465274e-10
1175,0.9999999207268965
3853,0.999406517544607
4851,0.9999999970911662
1290,0.0010337822687854297
2857,0.9999999402858757
3428,0.5386968900952254
2807,0.9916932561966701
3465,0.4372857516354898
825,0.7873174525995844
1159,0.9999999640971402
859,6.005681645640958e-06
2789,0.6290607480934686
1313,0.9864466055675662
3213,2.858395993551121e-26
4146,0.9725468415122263
3766,0.9999999957095158
4319,0.014790545438206385
3587,0.9999933406947396
441,0.9999999948089817
4824,0.9999862687125515
2640,0.9997025076238492
1895,0.2697367021879632
4480,0.0052743677248334965
4143,0.061395176636010525
3647,1.1640991620591872e-07
610,0.7453794691638791
365,1.8615339259276394e-27
1133,0.0007452102731091648
5267,0.9999999910054184
364,8.618625803614288e-22
2388,0.9999999389209842
64,0.9998184296994352
16,0.0004164731100863769
3578,0.9999999999119022
1553,1.3139734122170788e-19
876,0.999999999742949
2437,0.9792327238002662
3276,0.025198948003909087
3142,0.9999130885182038
3051,0.7506414312014117
1509,9.523411709821875e-06
5081,0.002785326423989602
1381,0.048460435875688955
2454,0.9999999651130783
3566,0.9999999821552298
1782,0.9999999999451321
4563,0.9999998283726915
3353,0.9999922139526772
4373,0.999999995275805
3339,0.2984365299313949
2846,0.6499173831466674
4117,0.9999840488487256
3512,0.9999964902111765
3295,0.99921653573571
1739,1.263746725458881e-10
2812,0.9999999999978608
183,0.014561890380250823
4819,0.9960684653059663
2889,0.018874847613813854
1453,0.9999532335584195
4903,0.03248529011152535
4073,0.9995126145611971
4834,0.99999998566126
2781,0.9895802748961673
4873,0.03787720525523656
1810,0.9999999974196574
3795,0.9999988938891382
2557,0.9999999005668757
5148,3.174135303133783e-24
1680,8.704848329761788e-21
3825,0.9999999825658991
3336,0.9999999934026749
432,0.9999999999736577
1046,0.02610749010638922
3141,0.9998501177432361
4748,0.9999953085070541
399,0.9997585057325824
4638,2.773906452712923e-13
4926,0.9994755533130575
716,0.3995011468113401
2950,0.9999999987856341
2112,0.9999907444107546
2647,0.9589967285980289
843,0.9999992896296325
5278,0.9298992374060643
457,0.0028523799424828495
884,0.9999999987106436
4968,0.19579870703762972
565,0.9995332937721835
2685,0.9999999999771207
1527,0.9999998095702171
840,0.9995574120872378
1712,0.8558867509724359
780,0.9998656556885326
1839,0.9999997253023551
885,4.6981371684015507e-07
3775,0.9999990423802354
2470,3.9220967933902387e-28
4994,0.9999999997044808
2049,0.9999989792513307
2981,0.9998471024802573
3313,0.9972768824019431
1998,0.9999999052638876
485,0.9999999862155464
3408,0.9934371860740493
853,0.10137327217259054
4698,0.40839255427903887
4289,0.03240818403627446
2766,0.9999996793654466
1104,0.9810991477429886
1196,0.9999092794286144
2859,0.9859638433129555
4371,0.9775660135928571
3629,0.9999999894816126
509,0.9999990280995221
5053,0.9999999035223384
5055,0.21237806211747937
763,0.9940516765683111
3617,0.9999999999583611
2802,0.9999999472517157
5130,0.9999999999999993
2468,0.9999998054930151
3682,0.999999963791437
1462,0.9999849448690662
2809,0.9999999999834812
3375,0.9999999966083792
3005,0.03648328997520514
1356,0.9999662849470594
4288,0.9927123091009316
536,0.999999912644996
5211,0.9999999999992701
3918,0.027584528084377044
2442,0.9999992112398592
2420,1.4373148441009572e-14
680,0.058063806255906146
3552,0.05320508605967264
37,0.9999999962784341
1059,0.9904435929873286
2111,0.999861709578557
4495,0.9999999999999998
4568,0.12205619990374575
2482,0.9999999928455763
2702,0.99999999999893
1485,0.060827279819829085
2322,2.605298006680024e-05
5093,8.646653311723436e-25
559,0.9999975590526996
3434,0.9999998675724886
4579,0.011648463325890807
4203,0.999999999582363
2994,2.9088848983045304e-16
3274,0.0009752851875228072
1617,0.9999997517695528
3389,0.961872190209766
4224,0.999999999888058
271,3.3402740170003177e-06
2537,0.030820793974523697
3283,0.999997834408459
282,0.9999990010732795
259,0.9999991087970019
4470,0.00021057135127293432
2279,0.9884926238404461
999,0.9999999905438125
11,0.9999999999999984
3248,0.9484494058157248
744,0.9999999280882194
4953,0.9999999997419731
338,0.8742523198597142
2120,0.04239508470371093
4026,5.00036393451061e-25
1787,0.9999979065115976
1936,3.9707112029505834e-11
2628,0.9999999240440494
2316,0.9999999734725942
3397,1.4848149352318684e-15
2400,1.0971149611856288e-19
2953,2.3708424394970107e-09
3920,0.9999999957026111
1420,0.9986473301060207
2089,0.507948618898121
1586,0.008110411534675031
4023,0.00026388755047598487
762,7.833438959555039e-05
3813,0.0008765132889810572
3705,0.9999999905394329
1876,0.9999868629032768
2162,1.0
3774,1.4311799120960724e-20
2665,0.9642444026673663
1071,0.0012169516865498003
557,0.9999814071294584
3243,0.9999999968339599
4550,0.050305144321221365
1852,0.9999698075429934
3455,0.8708083438148229
4007,0.9999997526244003
2311,0.9999995699819295
4540,0.9999961686607796
3128,0.9999996437762239
1090,2.555633062096343e-12
623,0.12814105845982593
4036,0.9999949880031481
4020,0.9900626379986619
3623,6.212001934715935e-24
3007,0.9999999851548846
1450,0.999999999999913
230,0.0001389810624040746
2888,5.750782663121224e-26
2780,0.9999999999999278
620,9.488547026113495e-22
1665,0.9999999999854354
3095,0.37707434566345704
5263,0.6621826558823645
1635,0.9999994156437269
2616,0.04535809703244849
2062,0.9999999007610362
1855,0.9958793880533775
137,0.05088048651594148
4606,3.052215783054792e-08
611,0.9999999861190256
4871,0.9999992522087106
5150,1.1026301128012215e-09
1319,0.07020136710419007
2451,0.9999992828427878
4108,0.00020257601690730752
1483,1.9959056904012034e-06
4988,0.9999997017902446
4366,0.999999991907658
2242,0.041307875201702794
128,1.7828828221688672e-16
2143,0.9999998804397957
2838,1.0
3933,0.6815901162793376
1743,0.9954951978530623
4110,0.9999999943200553
1102,0.9999855133307282
1516,0.9998428917312311
3083,0.9999999151170994
4368,0.9999958859622449
1976,0.7475918467669128
4416,0.9999995123239314
5,4.420543930536355e-10
435,0.5229257112297047
1441,0.9999325753679948
5036,0.9539924132263192
1259,0.9999109725980931
3310,0.14310208338613917
943,0.08212345172610659
3493,0.9999999999983558
4619,0.9996525371004115
3457,0.9774077730520945
4894,0.9999999981448462
2278,0.9440935896680472
4569,0.9998862225224732
3974,0.9999998674807149
4754,0.9999999999863223
5101,0.9996375777626387
1000,0.9999999766858972
1082,0.9999993617821389
2873,0.9996863614628063
3165,0.9999999993703825
2342,0.9999994347423229
5116,0.9999986798039219
1185,4.5243490540139404e-24
4066,6.6800323735394445e-12
3127,0.9679287009513748
343,0.9999999882542882
702,0.9999978618848092
719,0.9844438386088661
5275,0.025065864052348116
1927,0.9193187165111032
1206,4.560473851895186e-12
914,0.9999971130504498
2995,1.1360805795413767e-09
3633,0.9999998800313419
3506,0.02114840538805924
3104,0.9999989470607769
2073,0.6792569375810515
3594,0.9991513592260644
4794,0.9997673803710776
2225,0.7675903766677408
3746,0.9999999617956928
5102,0.9999999999999973
4430,0.833005580344541
2962,0.999968070870568
4981,0.9998605965654752
4173,0.9787519518790472
2884,0.9999888714730197
2094,0.9947155587343139
3311,0.09142347519106131
1236,0.9999943290134459
1352,0.9999996757955841
1270,0.00019608525041693808
274,8.746710158349241e-10
1121,0.9981225835522659
2354,0.1416069225449401
2601,0.9999994114923649
3116,0.9999501663675079
3520,0.6220687822640516
162,0.9999708004641854
4209,0.9999999966704041
4631,0.9999999986278916
667,0.9999848179329917
147,0.9506326553145654
4704,0.9999999737762957
2642,0.06792492147170444
2217,0.9999999969118973
3268,1.5560401106200743e-24
3464,0.9986416093856122
2984,0.9999997243606298
3098,0.9928023317429252
3707,0.9999999950440261
918,4.320357127075542e-25
3013,0.999985889597697
1825,4.88973432901213e-16
1432,0.9999998110459947
4333,1.147720092093701e-13
5082,3.808128031106709e-23
3427,0.0010503133535358967
4604,0.9999930068159549
3230,1.5634552898968802e-08
2471,0.9998478395279126
3297,0.7559196363728892
4447,0.9950958736128783
2123,0.9999998675580051
3196,0.019570958386977616
4742,0.9995064519876241
4451,0.9999999999187246
1981,0.9999999647272223
2069,0.9999999397188882
3209,3.310370848889875e-06
362,0.9404763082634535
1622,0.9999997538014074
1410,0.9998731839522764
1902,0.9916249790223366
2862,0.00017467300255960238
2580,4.715625467842746e-15
2435,5.921243904143544e-06
340,0.9999999946859006
4369,0.9903536644468836
2964,0.9999999755177121
564,0.005191802698741076
497,2.176693052181892e-09
4202,0.9999999998499989
2681,0.9999996880965754
4827,6.178345391548642e-08
160,0.9999960643706812
2584,0.9999922103597574
4774,7.34331008972088e-20
2858,0.999999999918143
430,0.9998329478598018
2172,0.9999999875984139
4497,0.9998372986341307
1148,0.9997175986128966
2861,0.062380848859693014
4314,0.9999986674743099
3521,0.9999880518732386
4349,0.9999999639651076
1386,0.9999999982369285
1838,0.9960651477493213
1423,0.00214962987760945
650,0.9999999999985372
3028,0.9994374789469271
2977,0.9999622774965463
1946,0.0009002488513789674
944,1.7710009302018084e-23
3780,0.9999992718190158
1893,0.9999999972068585
1967,0.9999999965178832
4884,0.1250997963077148
2051,0.003059790884997848
2452,0.9999999981642322
4730,2.4627092491075186e-16
1650,0.9999999999999982
110,0.9952551735651298
4051,0.5001297327535738
2845,0.04401198600400466
1214,0.9999970810784764
1034,0.00012624339725466845
1706,0.9999889981542304
1324,0.9999999969727427
2753,0.0004780684160034566
1298,0.6152950663840546
196,0.9999999999983713
4766,2.381862419840944e-10
3842,0.9998262103346822
2091,0.9999999999951992
4360,0.9943913407897103
1593,1.9870175464822028e-19
733,0.9999964540421739
2381,0.24499971658266417
2869,1.0585576239401468e-10
972,3.110682100311575e-06
1836,0.9975285318838013
1724,0.9284713543119201
123,0.011556923042547702
2357,5.834147626208176e-13
14,0.9999997337127956
4637,0.9974195821789952
3510,0.12267996270617194
85,0.9874764148513362
2682,0.9433603919624558
1581,0.040768526129201725
4978,0.9999999963486392
5200,0.9942268196967241
2806,0.99999988025498
1819,0.9999996787126073
199,0.9996453835462351
1534,8.545545747973879e-10
5212,0.9999999868535057
1943,0.9997966440166993
1177,0.9999999999999927
2949,0.9171950821556667
4963,0.999965803439802
3135,0.9999563070025763
2434,0.9330361263961066
1648,0.9999999999550215
1697,0.9999997522627796
889,0.9999997905952985
2738,4.889983029197315e-05
2135,7.095791601268235e-11
3448,0.9999999997078086
602,0.07198116222150891
4651,0.9999998990273171
4548,0.052720224507875
95,0.0002547352698158558
523,0.00019967960590480628
3279,0.9999850582496037
3224,0.9673679964380759
3062,1.1094681231150367e-22
3529,0.9999999912382848
938,0.9987835262376237
3332,0.1377547559498995
2997,0.9999999662861117
3576,0.02269881334742331
1154,0.01619157046178107
2772,0.999999995394782
2075,4.984740635481091e-19
3364,0.9999992824783782
2801,0.0035890836427484407
1691,0.9993006261076474
3077,0.9999609988935334
1277,2.449559025439622e-10
4055,0.28819155266424346
3602,0.9012764398152553
1145,0.999969212494188
4665,0.9999998593672417
3539,0.015649589218179855
1427,0.9999633409581817
4317,0.9999999987941228
4716,0.9999996562664002
1524,0.99998155466539
3068,2.6169885655325674e-26
4438,0.5665831436392103
117,0.9995110266317448
2083,0.998730621259518
3702,0.007490333738191139
3551,1.294885546865008e-19
2475,0.9999233402671925
903,0.9999999272000519
52,0.9999999999991582
2245,0.9949666642107341
426,0.9999999978225182
40,0.020424928889085037
4060,0.9997036965383946
3088,0.9885256806963223
4059,0.6135089221284399
704,0.9939125453313695
2092,0.0313745009247531
3418,0.9999928542147775
3223,1.6172161966974327e-10
3045,0.858048416399769
2339,2.491389801616263e-10
2891,0.7763588056635892
1954,0.9998040388924129
2001,0.9712644703887959
5214,0.9997465851297459
656,0.9978560646681279
357,0.9999998728158637
2944,0.9829455125582363
1824,0.996489578658218
2439,0.9999990401572874
1741,0.6458443483933205
1230,0.8797363995839503
5049,0.999988339664551
2798,0.9999999090138324
260,0.9988405497706722
705,0.9999966851508574
3100,0.9871350428200348
1243,0.9999999762542499
3849,0.0856962758559557
349,0.9998478652594524
675,0.999999972688642
3020,2.682636513175643e-24
579,0.9999456990610587
5113,0.000767752036925797
3461,0.9997336939314129
5261,0.9999999986867434
4482,1.9989700911101657e-09
5024,0.999971976947274
1448,0.99999827676151
4572,0.999997852682682
3530,0.9999991005174537
2600,0.9999999999994971
4283,0.9889835533936993
3033,1.0711267506336607e-17
3381,0.9999998923754054
3466,0.056090720866294325
97,0.9999998303140804
3987,0.24630363430522964
2467,0.9785268337779183
3089,1.0430032884688501e-10
2461,0.9964588319054054
5163,0.9982483755129692
78,0.9060780814140029
754,1.0
4008,0.999271679938703
4106,0.9999999656404116
1058,0.9999998945794226
2761,0.00013490121844647943
3871,0.10577481550266517
2597,0.9999999993427575
2566,0.9999997399993966
1143,0.9999999999974265
5257,0.01161279693360307
2282,0.022138957919608297
1582,0.9999927979398446
1537,0.999999877712607
2638,0.9999997263745068
2787,0.9999999999920075
1694,0.0003782276005869681
4367,0.04849356548569566
2818,1.0
3962,0.9999999914746543
1644,0.9999999967527939
4144,0.9967510032943062
4139,1.4475749149152462e-13
1785,0.9997812173377962
521,8.488852776179327e-07
4365,0.9999993536620447
2232,0.9999987435095099
652,0.999999936167968
3498,0.12777204289818048
1408,0.9950868860960678
929,0.9999041251079354
2377,0.9963315219893037
4889,3.890314781638031e-16
4985,0.04768983205926627
4021,1.0
1176,0.8313378657509778
3665,0.9997595235682648
1458,1.5222581434355856e-05
2413,0.9999998995576679
1264,0.9999889290720565
1966,0.999051382267761
4230,1.0
174,0.9999812003881262
3835,0.0017884310162009504
1192,0.9999941739938111
637,1.1669407392761616e-13
4838,6.596979473622923e-11
7,0.9999991167442578
4556,0.9970242518960064
3659,0.9999999870325045
663,0.9999993977077678
4832,0.9999899840626034
4095,0.9999994883346695
4755,0.0001468415501961423
2456,0.9999998778559591
1433,0.9999999981160355
5016,0.6522568357608808
2836,0.9999999236831769
1211,0.9999970344275345
5138,4.950035841975039e-11
4356,1.2849047981168547e-12
1262,0.9996627075840706
1829,0.9998522873216519
2149,0.5223042529154083
3778,0.838215976748052
3066,0.9511793405448747
655,0.973917133624461
4355,0.995770174730448
4552,5.437735825025474e-12
1740,0.9999925039344856
3596,0.9999969775865499
888,3.83372159186634e-14
48,8.940094899619172e-08
4052,0.9999562088567346
3683,0.9999995164417157
2699,0.694834022518364
59,0.9424188916360351
989,0.9999997955876285
1538,2.7848434985157647e-05
2762,0.20939843772657796
2429,0.9999998933047175
3947,0.03287758385513607
1925,0.9999877514919788
1979,0.9999999999967255
2883,0.9826136506006056
4149,0.9999999999836944
2933,0.9984148386120629
1809,0.999999830125462
3117,0.9833282053076529
3884,0.9999998336490229
1399,0.9999999822071085
2142,0.024507336714251884
2588,0.9999994131466161
5012,0.9999991440355641
2013,0.9999999992994364
3877,0.9999996716186094
2937,0.9736614025068269
3963,0.9999999988129495
1067,0.999999976041528
3362,0.9986498977777674
4478,0.9978242440385027
4639,2.615058611948934e-07
4071,0.9997631377264993
3409,0.9999676356398974
3286,0.9999999999911571
874,0.9999999352736004
2607,0.9999999998264801
4286,0.9987660494738682
1005,0.05821005563841438
2732,0.9995822543833583
4700,0.024075684046364745
2758,0.999999999987849
4499,0.9999997337517846
1652,0.9999972763629364
4487,0.5105385513722358
466,0.3581758345531021
3708,0.035429469170381755
3781,0.9999157172144265
4935,0.7150578737185738
351,0.921038940796074
4492,8.444294969593787e-05
794,0.0003359172319900508
2267,0.9999882314952585
5068,0.9703984936495701
1203,0.03585423521513989
781,6.29809365805899e-22
3239,0.032179530780124026
3446,0.9988003344904726
4086,0.9999999999883871
2587,0.7908907759867068
4998,0.999994068555045
3650,3.4850919266849507e-06
2677,0.02057441159884134
3757,0.9993871694917484
624,0.9370138434936125
2608,0.9998861673054269
4221,0.999683058002008
1653,0.0012495108467872771
3519,0.9999999997987299
2724,0.9999999959577464
4691,0.9999948626864626
4242,0.8806206634730941
5232,0.9986629493380673
4709,0.8697006628538455
3484,0.03683659006294582
3988,0.0007400065865740893
145,0.9996405574467914
4798,0.999999939837514
4513,0.9999999998450968
4477,0.0008207418495080834
3468,0.9999999602857426
4260,1.3121407057257249e-20
4318,0.03022843872433428
3954,1.7607032564097872e-25
161,0.9999996960500701
1938,0.9999998388501892
4782,0.9999999999100586
386,0.9999999999539622
4598,0.00011661536821210086
1792,0.9999996279907136
3560,1.9268706854803374e-12
3003,0.9989900701281187
563,0.017294636712206005
2067,0.9988286314715669
2261,0.9999999914664514
3586,0.9999999999999656
4421,0.9909132470720723
4005,0.9978908586849169
3392,0.9994292397622644
36,5.753491181919727e-15
589,0.9999999882396192
881,0.03202929406526002
2643,2.3335921952820773e-20
3807,0.9999998516390303
2080,0.9999999929986403
2260,0.9999927912361295
2235,0.999999354703825
2378,8.000962888873911e-24
4453,0.9999999519004802
2310,3.0025852394457105e-24
1985,0.9373854596878626
3112,0.9999999915972483
1029,0.8887895586460843
285,0.9999985879372066
529,1.5851523058178672e-16
570,0.03774918363761034
5168,0.00019167914931541595
105,6.999454755996683e-07
2611,0.9998929371614949
62,0.999999677150956
2730,0.9999999170563287
748,0.9999999994760949
4305,0.9851805505747611
4024,0.999998822946598
4915,0.9999965945798803
2911,0.999979644057647
3452,0.004869693965118624
3289,0.9999986191236238
1561,0.9999968633704878
1087,0.9999996608060373
3588,0.7041432513414968
1549,0.9999999933665671
3917,0.9999819168091995
586,0.9999891647242171
2985,0.03725573802052345
525,0.015476496863900513
3091,0.9993618787844575
4781,5.9116176557832065e-28
3300,0.9999999987758523
969,0.9988136760003095
4485,0.9319508228102783
4536,2.3276623208722974e-20
5077,0.9785457089633953
1849,6.415981333659058e-06
3367,0.9999991229637255
1055,0.9999999951954999
2855,4.751414268193745e-06
4475,0.9999973080375066
2577,0.9953520759282309
1727,8.910607476119186e-05
403,0.9999999999602751
3148,0.9999938471790258
1242,0.9999527363462293
1682,0.9999998103401444
2727,0.9999999958529038
2299,0.999999998362588
1095,9.99187540152641e-09
1907,0.18088623628910525
2627,0.99361156848661
3944,0.5528888288273145
3699,0.9999999874900923
2289,0.9999782616935518
910,0.9999982232249919
2360,5.345604060499081e-11
1135,0.9999999842058991
5202,4.1419854374826865e-05
2423,1.1037399864087547e-10
4246,0.9986945780785085
2625,0.9995317655880148
527,0.9986834958720172
3895,0.023083596478779812
1710,0.9999999795171286
1491,0.9927778065779463
646,0.5886804508696263
3983,0.00017544044799768256
901,0.03256284406176684
3603,1.1928852847211443e-18
1503,0.02220962495521773
1249,1.5784310906563674e-17
3152,0.9999999935024313
2687,0.9999999330447309
4405,0.9999768918958758
3865,1.6767579398981628e-12
385,0.9969697690468114
3144,0.9999999968279254
1746,0.9999999999998008
2255,1.0
4736,0.9699755953968411
715,0.9999760211360406
2712,0.09266007895274352
3743,0.9999995600208393
2895,0.9999989792513307
3952,1.925817386439092e-05
2927,1.5705347048857522e-06
5187,0.9999999731206551
854,0.9999999939797835
2052,0.9999999815632682
3902,0.9998593802283122
4401,0.9998943436226398
4696,0.05314872889443701
4174,0.9999990954479177
374,0.33268540864332824
3253,0.9976717749926143
2651,0.9956550258251613
3626,1.0
5228,0.9999994496132937
971,0.9366887163780662
3009,0.9999993919646792
2974,0.9078974574775917
4924,0.0004057225725974577
4408,0.999514960340548
1990,0.010653332412720262
4085,0.9975379517395736
2830,0.07005168294038326
2183,0.9987020399637155
1498,0.9999999999989144
1369,0.031954828816672706
3291,0.9999959506755394
1869,0.9876361323021922
1696,0.9999999999889424
2972,0.9999999987847756
1759,1.444521994748204e-10
3706,0.9999992120415968
538,0.9999950065656342
2824,0.999999999674579
212,0.9999999998675706
1164,0.9938808838551916
668,0.9999999897847004
5108,0.9993111484734922
3109,0.9999952715542606
2621,4.1217667128770296e-23
1772,0.9999926156834732
3182,0.9999999972245659
3350,0.9999999999987685
4636,8.621940582224563e-24
5147,2.390763637103392e-09
2361,0.7154039396106826
3323,0.9998638702573173
407,0.999599365552851
3354,0.9997717451658681
2464,0.9863439851016976
1385,0.9999971484166528
2364,2.462108492672014e-15
3532,0.9999997710467325
4829,0.9999999979907643
2031,0.8366311750910143
1442,0.00015222986271832965
4061,2.771654233172161e-09
488,0.32193498464109266
459,1.741533958716375e-05
2517,4.015227190287938e-12
1973,0.9999999961959096
4848,0.9999999999999973
695,0.6957425628854588
4000,0.00019509012418335745
2079,0.01769013056838302
1481,0.048112161166777176
978,0.9999999998720259
2825,8.356737214697792e-11
1597,0.9999999245297196
3023,2.5168707711990536e-23
2394,0.04569287318812599
1180,0.999943429571227
3638,0.999999999999996
4437,0.9999797935878589
2922,0.9991555860709087
3684,5.8645076677647886e-05
500,0.9999999999957325
428,6.483910413713149e-16
353,0.012603215571427722
4400,0.9669289468430724
2243,0.9999747341755896
792,0.9991598066494035
3878,0.9999999829659162
4900,0.999999997726349
3485,5.744577586178118e-05
495,0.9624069482450468
3174,0.9999999963708406
3450,8.564458692940688e-12
3662,0.9999999902995583
4277,0.0009857717839637182
549,0.9833947596018255
3172,0.0005937995795715462
4880,0.7322691823681743
5089,0.7277443958949842
2860,0.9999998222353538
4521,0.0024162728108941688
3377,0.9999988897097676
1543,0.00046993114915229423
2931,0.9999997681154873
3149,0.04081361267130073
2920,0.9999999999060423
919,0.033979146154702086
2893,0.9999999999514055
2179,0.9998271125453899
1558,0.9689101468604511
5139,0.15961352398347153
480,0.9999999627117541
5196,0.9999999999999973
3360,0.9999998926149334
861,0.9999579042129464
3889,0.9999144777818629
3150,0.9999999999999991
2035,0.9999990528092083
79,9.998007007058095e-11
1843,0.9999939012390306
1675,2.873850738512164e-13
491,0.026450967038199852
284,0.012170144025631867
4056,0.999999999996797
279,0.999999999999619
2717,0.999995691754027
2113,0.9999987693675373
1181,0.9999999742383725
4954,0.9999941214855733
4311,0.9995555854730895
2177,0.999987475098191
4225,0.9989255753377256
2511,0.9999999768111122
643,0.9999999999202942
3908,4.283983551461432e-28
1606,0.982531968306287
4689,0.6979336548598373
4410,0.9999989805777658
1599,0.9077263187902435
2055,0.991733350608589
4332,0.023533845291102237
555,0.9999999759403494
980,0.9993836817297803
863,0.03095678116605195
3562,0.999999805387623
1502,0.9999991912585583
3475,1.2874272383381177e-24
1431,0.9999992222848832
3703,0.9999999999316602
4229,0.009003970218740526
1327,1.0
2622,0.9999999999992424
2564,2.858085097147928e-21
4045,0.9999999752094062
402,0.9999999966183313
277,0.9999999999651361
1174,0.9999994119768463
5273,0.9999999998816549
1596,7.076230911812903e-18
1411,0.999999999994764
5170,0.0001670113696537333
5270,0.999999997689875
3191,0.99999997835939
3597,0.9999999990569084
3973,0.8267327837868358
5227,0.9554952930630262
5026,0.0002564590766557102
4449,0.9999726629405443
3531,0.9999999803162808
742,0.999999822486346
3932,0.9307345884487445
4425,0.9999797376124551
4432,0.9999966311144649
3939,0.9999877175834927
2697,0.999996781485188
2516,0.9999915488720068
2819,0.9989531890205193
2386,0.00014126728646180685
1493,1.0
4837,0.9999999971894367
3929,0.2113549689746307
3270,0.9995253792500588
803,0.048546999813408584
1050,0.999999999997454
1421,0.0005999885285787963
3876,0.9999996305595847
4797,1.0
3561,0.9995341440913086
2998,0.9791178236502874
2108,0.9999952471923679
2301,3.366207276446797e-27
1284,0.9999997961093132
376,0.996821937368217
3618,0.9999999999538265
1752,0.999999999618078
871,0.9999991459330984
2383,0.9999982936613615
3957,0.9999999376606731
860,1.667646759010688e-05
4564,0.9999999958430941
1687,0.9999844359432485
4456,0.9999342770106885
455,1.751862045971863e-20
4808,0.999999913163699
2833,9.821017329418597e-29
2936,0.9999999946988671
3369,0.9999999972047946
574,0.00038693739989034627
249,0.9999999993119904
3368,0.9999999964119617
328,0.9936370827042227
1957,0.0504190787560468
514,1.1095834226836908e-26
164,0.0116387444187122
3016,0.9939127153132985
3155,0.9999999952133007
2826,0.9999810419276295
3370,1.784615191310951e-10
1816,0.02430088871183302
1107,0.9742231963319108
5032,0.9992652514732115
4878,0.9991274146658004
1464,0.9999999999924336
3666,0.9999958103959645
3965,0.9999999942820663
5199,0.011978944623413004
1225,0.0047762129376091875
2870,0.9920137324391638
3502,3.599696053469071e-10
2219,5.478328493024188e-11
3403,0.467327729004328
1101,0.9657191353475788
2540,0.0007754417279654906
4068,0.0003682562897896389
4402,0.9999743861274836
1760,5.659715451277205e-19
4541,0.9999999999672273
3686,8.564719662023604e-13
3913,0.9999999998309526
275,5.1699761111939045e-24
3927,4.637200203786156e-24
729,0.9999549805752168
416,0.9998915355071981
5169,0.9999768221646406
3229,9.059221270703838e-25
1482,0.26447574450385897
442,0.9999999967417819
4764,5.861298130423567e-05
5271,0.9999999999734592
1473,0.0004547399273811355
4947,1.4510598586882218e-10
569,0.999938550814286
4018,0.004824338790386302
3709,0.03188079610687791
3776,0.9999999979784695
4082,0.0313745009247531
5198,1.748981014270555e-10
2728,0.9999999904920714
4913,0.9997918942821838
947,0.9999999999999429
1377,0.9999999999019655
4504,0.9994648077786499
841,0.9893697941937886
1768,5.92273350032586e-05
2341,0.99998182052541
1252,9.965634538958809e-13
3956,0.8704464489139524
982,0.9999990923042951
851,0.9160790261698702
3010,6.866110870322393e-11
3857,0.9999999615574807
2211,0.9999999972793863
2908,0.0016905885249476834
1309,7.647358019745771e-25
2520,0.9999999043519792
5151,0.00018329373661707548
1789,0.003647537710943581
3304,0.00032019038882776424
4826,0.9999951693551753
3999,0.9999998226490462
4147,0.9878754207473555
1438,0.9999551294272154
2044,0.9999999997509468
640,0.9999502974277905
3609,0.9999986958259965
3601,0.9999999999962514
2612,0.0006504355630426471
2203,1.9063420083873557e-05
2048,0.9999999998187641
3048,0.9993725899641226
1417,0.9999921191294238
4129,0.9760024423222771
3121,0.9999999998309166
2877,0.9999999962765969
1928,0.999965131946072
3277,0.999974886684102
2519,0.9999999999985247
3479,0.9876355029503079
1015,0.9999999787908835
302,0.9999991434391987
2569,0.9999999704869573
930,0.9999999999997256
2376,0.9999999937552169
2507,0.942653134174285
2410,0.9951280518948048
326,0.9999999997256566
1068,0.9999999963258164
2748,0.9999929614136948
4592,1.3622799863312855e-07
2954,0.9999999999992752
1490,1.4164340850745576e-12
4109,0.9997740307766324
2841,0.9999895109498693
1623,0.9946834041423364
3541,0.9998988142754419
788,0.7745102326573495
628,0.9995702892071601
1265,0.9999989578733421
1063,0.9993048426816172
4896,0.9999989369120281
118,0.9998498775428758
2349,0.999999789163148
2021,0.00036379330954957445
3462,0.9999988310140345
503,0.9999999998046916
55,0.9999983022299602
3892,0.09628970254676418
226,0.9991157462077312
1310,0.13070013058315116
2811,0.8847642627343388
939,0.9997409687959078
4649,0.9999999999999998
245,0.999975743591883
476,0.9999999999999998
1128,6.939870895511224e-10
2556,1.15437442554318e-12
4862,1.9274725760736602e-17
3256,1.6608407393836508e-09
1592,0.9999999999923286
2573,0.9999999414583381
296,0.999999980149457
2554,0.9999991702992662
1367,0.5882420237303096
5076,0.9999999960623884
2098,0.9999999931585488
3273,0.9999989289726321
2675,0.9999999999189879
2210,0.03555553831497212
1515,0.9999999965165729
3972,6.245864526369478e-06
139,0.9999999999753462
5006,0.9999999130260135
2087,6.030139670953665e-27
2550,0.9835782884958877
2966,8.156815489394622e-17
2695,0.9999999929459149
1251,2.5514183127912516e-05
2171,0.9974764450386061
3784,0.9999998099437827
2126,0.9999999998671689
4325,0.9999828873276776
4741,0.9999999168231366
4815,0.9999110753603723
3469,0.9907261072142061
4184,0.000560441464126824
3874,3.387312044552524e-05
4264,0.9991293177289595
4251,2.3885020219896994e-19
3432,0.9999995729141321
2760,0.9999999959140784
4345,0.9999960480581338
3316,0.9999999901638116
4542,0.0012634318392573036
2602,1.0
4213,0.9999997086145708
2384,0.07120784080974873
2457,6.971143855389211e-16
3749,0.03173401978931894
4342,2.10369401829565e-05
2363,1.0
1197,3.5291179115168883e-09
3012,0.9999999873316144
3533,1.6034822147530436e-19
977,0.9997927938455288
313,0.9999880889301739
393,0.9999999931828729
3151,3.724121075354914e-11
2402,0.8278209675908306
4053,0.03556214436136351
2276,3.7240929564226214e-29
4296,0.9259945441249068
5073,0.03344033868535442
2633,0.9999999999914027
635,0.9999999905751692
1325,0.9999999990832562
2280,0.99999874378111
4386,0.5277607594340508
173,0.9999990314880928
3488,0.9999993381562594
3509,0.9850783684149221
1494,0.9999992143233332
2214,1.658671660772969e-16
4232,0.5986005526663138
1777,0.9999990554084269
847,0.9999999999999043
2489,0.04276543556665491
526,0.9999999909557015
3467,0.9999999901173017
4795,0.06309523361149405
2022,0.9999999955312422
820,5.889678517183697e-18
130,0.9999999999999811
1846,0.9221649216268305
1354,0.9999990041990343
3018,0.9998925742504412
213,0.6735803347799011
839,0.8690940577152869
2946,0.02895961191954768
548,0.9999999984208157
4511,0.9999980598038647
439,0.9998465078952071
1958,0.9999999998379503
225,0.9996091900689804
4535,0.9623650050559861
159,3.89261301607934e-09
3030,0.9999999999952152
1454,0.9999997846976063
2244,1.7343811228434505e-08
4726,0.9219358618512056
4382,2.6456750954681753e-15
2991,0.03279821574542944
581,0.9999999984418964
2986,0.9999999980638186
3410,0.9833469051315941
4934,0.9998871387328505
3898,0.9999963559865188
609,0.9996259206778174
4812,0.9999999999999716
1528,0.0811222407967635
1169,4.6258590436353004e-05
3250,0.9607636328398332
4784,0.9985832794531857
764,1.3740343001557054e-24
3790,0.9999999821203259
2494,0.03679603233303442
1017,0.7754222240558631
2939,0.274649944763188
319,4.172719807327057e-06
4428,3.4344729892543722e-12
3838,0.9999999738383576
1199,0.9999846454097648
3120,0.9999342829579679
1119,0.10247277581679161
4092,0.9998756746888499
4434,0.9999998730678353
4304,0.9894285117900493
2274,0.9999999966816107
595,0.9999865444246743
809,0.0003149471999618046
2957,1.5436957421111324e-09
3860,0.999999988445084
721,0.9999999999999707
3810,8.954157090055234e-11
2613,2.6309220903634606e-11
3923,0.9999999985431216
4929,6.832191305295993e-10
3660,0.03210419399932189
367,0.09121572469199545
1322,4.9987842812722405e-15
1285,0.0007697620262574947
21,0.9999999957688208
3991,0.9999989635720284
475,2.9904400684417546e-12
4398,0.9999999999460758
314,0.9999997210977375
3888,0.9999827599931801
2709,0.9999999999902138
4996,0.8990834184497672
5131,1.0878576028697593e-10
3606,0.999307591603274
4362,1.1111866181873435e-19
2501,0.9999991031658405
5072,1.0371493070941686e-20
3540,0.8876469600007332
3652,0.9999530062456936
707,0.03460043514275213
474,0.9974501032386188
4526,0.9999999943784708
5255,1.4858129651707696e-17
3053,0.9999907219363259
1934,0.9999935726955906
4457,1.412489422269405e-15
1587,0.05636032263613075
2167,0.9999991778832387
1198,0.9999995934803568
1702,0.9101486730846275
1212,0.7196793264971375
5274,0.9999999629832275
2595,0.9999999979036329
1320,0.9999976243278029
3905,7.3794902116e-21
4185,0.9999988914950695
3094,0.9999976860873219
3188,0.9999997683213045
1837,0.04878122039040238
1555,0.9999999730555614
1668,0.9998971037846159
4481,0.9979703243212187
3719,0.998480027225352
2553,1.4248815383827228e-10
3949,0.9999985159860293
4940,0.9999999997600058
3868,6.79518639072673e-10
648,0.060135239660093
2963,0.72500991391191
3847,0.9999583593002392
222,0.9999677541256448
293,0.21541100951570816
2820,4.2132143031186866e-05
154,1.8060337592250656e-05
4136,0.9999991293902645
2719,0.9924018122698696
1525,0.013408009225423644
2969,0.9999998512725855
2408,0.9936674316637554
3998,0.058173654367266764
2848,5.828111199954304e-18
4708,0.013468366748418434
287,0.9999999999981732
3881,0.9994078616982882
3132,7.580399238608735e-14
109,0.99990382674133
4818,1.0
1224,8.003056358996805e-10
515,0.9997830586382019
5224,6.245213999068084e-07
3592,0.9983735774404032
2347,1.2801188023202458e-10
323,7.680009041451782e-05
3413,0.9999999365689585
1576,0.9999860947061577
3821,0.9293529404888604
5064,0.9999891554177794
1695,0.9999999992171751
3278,0.9887966274723886
1474,0.03151704651555681
315,0.9975461515633961
4351,0.058091697065606476
1299,0.9999997311371435
3992,0.9999999975767304
3806,0.9999999999880491
3829,0.9999978920109972
4359,0.9999890550550691
2938,0.9999999997067317
4610,4.679206691313552e-12
4525,1.0
3527,1.371330840279481e-06
2039,0.9999999958044874
1117,0.25605916667322154
144,0.9999999999778639
3740,0.9999975270276706
1941,0.0002000254592073697
3976,0.9999999078145351
3635,0.9999999999928715
2630,0.9999997672874246
5190,0.999999969127137
777,1.8510311853183443e-19
1882,0.9999997785999162
410,0.3907147041196146
795,1.811056118581954e-15
2754,0.5581149389697367
22,0.03467259191738034
2208,3.6056085597115747e-06
2325,0.99999789513765
4151,1.0
5135,0.9999999999981637
4589,0.9996684080300915
3651,0.0008956029464015674
1545,0.0009821771316107565
4951,0.9999975381702687
3528,8.816852012954762e-26
5189,0.9999999999913809
4125,0.9994649736821323
317,0.9999831229015608
4233,0.9999999998760931
4152,0.05780335535776255
3476,0.9999999829757634
4257,0.9999999975820901
3063,0.9445859202458926
5205,0.9271372472253635
2256,0.9999989594145079
5054,0.9999972210224077
178,0.9999999624116008
3924,2.0648799967412515e-10
4553,0.7914855958622615
4577,0.9627736049667621
866,8.860352878787582e-19
510,3.0057528217113987e-05
4,0.9999999999914513
3459,1.936593776486668e-27
4441,0.9999999134472991
1081,0.9999999988445709
5265,0.9999999997693241
894,0.8770980189962868
4655,2.6477617979109203e-21
3431,0.0001414345390417019
2416,1.0
5269,0.0227461307267669
1465,3.853666716639622e-24
4841,0.002758100218291405
1991,0.9999614805004716
3025,9.843951156100965e-07
207,5.235664952090191e-07
5056,0.9999891050841109
2027,0.9999999813108226
4127,0.9991561640615857
1216,0.05275175136708761
2374,0.9856380572956521
2978,0.9999999907394951
1552,5.007148762154655e-28
1331,0.863144373978969
3910,7.391904543147652e-06
4113,0.9997165515405099
383,0.9999999572062432
4414,0.999999931607239
2689,1.0479567284899183e-06
1779,0.9999997292431202
5280,0.9999805818765499
2440,0.999999996975754
986,0.9999999974989484
368,0.7311305133273034
3753,0.9999999984255914
3050,0.9999922453286706
1533,0.9999999961791153
1337,1.8381892973187648e-05
1351,0.8186303442785196
4508,0.09401317105700024
3803,0.9999999290897327
3414,1.9223681774536633e-22
2008,0.9999999628296035
2324,0.9999999909307601
4153,0.9961575663497306
1492,0.9999996964008069
4620,0.04354740405382844
2615,0.9999990531725532
320,0.9999990625338155
659,5.141632274365603e-16
516,0.026912216245389153
5069,0.9989031112532126
4727,0.9999999994237165
231,0.9999699047700885
3093,5.369659427718801e-05
3124,0.9999999999997893
431,3.5556382235935913e-09
2469,0.8554332206155697
1583,0.030785597105768912
5119,0.9999992511762087
773,0.0805564552280314
5118,3.2903206289825235e-16
2265,0.9333402251347339
135,0.9999940631518293
2474,0.012961368292466404
3147,0.9999700989812601
142,0.00018323817896197703
2546,8.675788809268226e-10
1742,0.9999997685801032
2620,0.9999999949334619
3580,0.9999997205817172
3363,3.786830487906938e-05
415,0.9999983576797826
57,0.9986533349588161
2866,0.9171237331137558
4905,0.9999999999999061
684,1.0
1023,0.0005615692260975432
3668,0.9999809961248459
1637,0.9999998606126045
835,0.9999497275031829
5107,0.9999955559881033
359,0.9999998205349934
3958,0.9999999999524924
4075,0.9999998118902472
4528,0.9999994743149675
2545,0.9996672373691916
4822,0.9999996455578599
832,2.2685877516918199e-10
2313,0.9717885082673476
2382,3.2895586138045864e-05
4879,0.999897364880243
168,0.05454530359915324
3138,0.9999979965216288
453,0.9999568285953422
2034,0.9999999999383571
4776,0.9999999999965918
3399,0.7713829417647047
4964,0.8008297773755962
3328,7.523759488537807e-08
2746,2.4405677159008764e-09
2544,3.4101688293742834e-06
0,5.682080661212993e-15
2169,0.9999999906752742
4920,0.9999979825265749
4843,0.9999999969594131
2106,2.0706109669158805e-10
2368,0.4553155272840134
2750,0.9965614614292156
5030,0.99999971406843
4303,0.9792148457729565
2560,0.09537599512225031
4446,0.9999999971146767
2122,0.9995330487970903
2624,7.748956755405223e-07
4423,0.9961470629785147
580,0.984218848148044
3426,0.12714095602574776
4983,0.9998368111687466
3767,0.031163796622654383
3306,1.4357268081307294e-10
1647,0.0314455647636903
567,0.9999999989458919
2019,0.9999636861730138
112,0.9999984283297284
20,0.99999999977186
3584,0.999999990179362
2593,0.9909845094300227
3713,0.9999999999883886
4002,1.1270927735863008e-07
1935,0.9249243920101157
4165,0.9999975404102712
492,0.9999999989088242
233,0.9988143068756414
3885,0.9999999997209656
4379,0.9977934999831365
2667,0.059408369478404485
802,9.190717973668548e-07
5062,1.7322041385064191e-19
3064,0.998657711605389
1660,0.06704699259153159
3717,1.5524297156159664e-10
1965,0.9996749371593642
3420,0.041394039976218266
220,0.9999999958286727
3914,0.9921816801833279
1109,0.991690157321623
2871,5.077506253803493e-29
2003,0.9907228552750931
3771,0.05712856096994552
3959,0.9999340560821575
4865,0.9999999951400462
1700,0.9984957596917574
1865,0.6229020513605025
478,0.12771477226059405
1227,0.9999999985549428
4538,0.9999999998743179
